{
  "Trades": 9,
  "Wins": 3,
  "Losses": 6,
  "NoFills": 0,
  "TotalPnl": 192.60650394493206180965314375,
  "AvgPnl": 21.400722660548006867739238194,
  "WinRate": 0.3333333333333333333333333333,
  "AvgR": 0.2679106228816805490224031781,
  "MaxDrawdown": 272.00837738842176191513678375
}