{
  "Trades": 10,
  "Wins": 2,
  "Losses": 5,
  "NoFills": 3,
  "TotalPnl": 182.5020714917685443605770300,
  "AvgPnl": 26.071724498824077765796718571,
  "WinRate": 0.2857142857142857142857142857,
  "AvgR": 0.2386097363010907036315404014,
  "MaxDrawdown": 221.9674310082314556394229700
}