{
  "Trades": 54,
  "Wins": 14,
  "Losses": 18,
  "NoFills": 22,
  "TotalPnl": 426.19910692998195351694974000,
  "AvgPnl": 13.318722091561936047404679375,
  "WinRate": 0.4375,
  "AvgR": 0.2112687681804571087506457885,
  "MaxDrawdown": 213.47769967596328240967410000
}