{
  "Trades": 197,
  "Wins": 55,
  "Losses": 105,
  "NoFills": 37,
  "TotalPnl": -8628.019299898536917720725040,
  "AvgPnl": -53.9251206243658557357545315,
  "WinRate": 0.34375,
  "AvgR": -0.2044102885505522576069182796,
  "MaxDrawdown": 9200.380585527167962039593340
}