{
  "Trades": 40,
  "Wins": 14,
  "Losses": 24,
  "NoFills": 2,
  "TotalPnl": -544.94190149736205014444362500,
  "AvgPnl": -14.340576355193738161695884868,
  "WinRate": 0.3684210526315789473684210526,
  "AvgR": -0.1686455583481547084908182521,
  "MaxDrawdown": 605.48780649736205014444362500
}