{
  "Trades": 131,
  "Wins": 32,
  "Losses": 61,
  "NoFills": 38,
  "TotalPnl": -4595.0810444574351486972287100,
  "AvgPnl": -49.409473596316506975239018387,
  "WinRate": 0.3440860215053763440860215054,
  "AvgR": -0.1932032715742489485915501514,
  "MaxDrawdown": 5130.2049663232220163576033300
}