{
  "Trades": 12,
  "Wins": 4,
  "Losses": 7,
  "NoFills": 1,
  "TotalPnl": 188.94168121202564092289533375,
  "AvgPnl": 17.176516473820512811172303068,
  "WinRate": 0.3636363636363636363636363636,
  "AvgR": 0.1569190942177515719540882864,
  "MaxDrawdown": 294.38219409122089209852293250
}