{
  "Trades": 95,
  "Wins": 27,
  "Losses": 41,
  "NoFills": 27,
  "TotalPnl": 42.59707417517485975308687000,
  "AvgPnl": 0.6264275613996302904865716176,
  "WinRate": 0.3970588235294117647058823529,
  "AvgR": -0.0259386568913170888892054392,
  "MaxDrawdown": 396.80692466243586420544941000
}