{
  "Trades": 13,
  "Wins": 6,
  "Losses": 5,
  "NoFills": 2,
  "TotalPnl": 275.83125337248379962751255500,
  "AvgPnl": 25.075568488407618147955686818,
  "WinRate": 0.5454545454545454545454545455,
  "AvgR": 0.3022487465072803378076483937,
  "MaxDrawdown": 263.44014822713718307414793500
}