{
  "Trades": 38,
  "Wins": 7,
  "Losses": 9,
  "NoFills": 22,
  "TotalPnl": 46.957411800,
  "AvgPnl": 2.9348382375,
  "WinRate": 0.4375,
  "AvgR": 0.0495768049419374190996274439,
  "MaxDrawdown": 209.124984320
}