{
  "Trades": 293,
  "Wins": 83,
  "Losses": 145,
  "NoFills": 65,
  "TotalPnl": -2043.9371713849973220116929100,
  "AvgPnl": -8.964636716600865447419705746,
  "WinRate": 0.3640350877192982456140350877,
  "AvgR": -0.1306055443893872607436017189,
  "MaxDrawdown": 2659.8139460603561729629568900
}