{
  "Trades": 10,
  "Wins": 3,
  "Losses": 7,
  "NoFills": 0,
  "TotalPnl": -177.090857690210116074694600,
  "AvgPnl": -17.709085769021011607469460,
  "WinRate": 0.3,
  "AvgR": -0.0647012359556950612839154259,
  "MaxDrawdown": 359.815369230380526561996275
}