{
  "Trades": 1,
  "Wins": 0,
  "Losses": 1,
  "NoFills": 0,
  "TotalPnl": -118.9678725,
  "AvgPnl": -118.9678725,
  "WinRate": 0,
  "AvgR": -0.3921751044868300938954359898,
  "MaxDrawdown": 118.9678725
}