{
  "Trades": 240,
  "Wins": 60,
  "Losses": 165,
  "NoFills": 15,
  "TotalPnl": -4582.6462505502295912825511486,
  "AvgPnl": -20.367316669112131516811338438,
  "WinRate": 0.2666666666666666666666666667,
  "AvgR": -0.2629339804434688853785477199,
  "MaxDrawdown": 4601.7970505251069915060975311
}