{
  "Trades": 52,
  "Wins": 16,
  "Losses": 30,
  "NoFills": 6,
  "TotalPnl": -905.1876081585420245487106638,
  "AvgPnl": -19.677991481707435316276318778,
  "WinRate": 0.3478260869565217391304347826,
  "AvgR": -0.2418383329073989645839147244,
  "MaxDrawdown": 1090.3952391772321243641185750
}