{
  "Trades": 200,
  "Wins": 56,
  "Losses": 105,
  "NoFills": 39,
  "TotalPnl": -6973.4815390460415338806825600,
  "AvgPnl": -43.313549931962990893668835776,
  "WinRate": 0.3478260869565217391304347826,
  "AvgR": -0.1646613591700041911478884129,
  "MaxDrawdown": 7532.1812144904059091909406900
}