{
  "Trades": 21,
  "Wins": 9,
  "Losses": 12,
  "NoFills": 0,
  "TotalPnl": -309.0672382099451814757048750,
  "AvgPnl": -14.717487533806913403604994048,
  "WinRate": 0.4285714285714285714285714286,
  "AvgR": -0.1369610265913114587394011921,
  "MaxDrawdown": 579.8388082099451814757048750
}