{
  "Trades": 1,
  "Wins": 1,
  "Losses": 0,
  "NoFills": 0,
  "TotalPnl": 125.120010,
  "AvgPnl": 125.120010,
  "WinRate": 1,
  "AvgR": 0.5037748396706321272057834961,
  "MaxDrawdown": 0
}