{
  "Trades": 54,
  "Wins": 14,
  "Losses": 18,
  "NoFills": 22,
  "TotalPnl": 2177.5525845981414329995442300,
  "AvgPnl": 68.048518268691919781235757188,
  "WinRate": 0.4375,
  "AvgR": 0.2112687681804571087506457885,
  "MaxDrawdown": 1012.9942796766533480007795900
}