{
  "Trades": 15,
  "Wins": 5,
  "Losses": 9,
  "NoFills": 1,
  "TotalPnl": -47.6643643134990161742042400,
  "AvgPnl": -3.4045974509642154410145885714,
  "WinRate": 0.3571428571428571428571428571,
  "AvgR": -0.3028935260210888649466137739,
  "MaxDrawdown": 240.6921649283335164812037800
}