{
  "Trades": 70,
  "Wins": 7,
  "Losses": 20,
  "NoFills": 43,
  "TotalPnl": -890.4318150605100755761840000,
  "AvgPnl": -32.978956113352225021340148148,
  "WinRate": 0.2592592592592592592592592593,
  "AvgR": -0.342569683406150248657555208,
  "MaxDrawdown": 924.9009300605100755761840000
}