{
  "Trades": 2,
  "Wins": 2,
  "Losses": 0,
  "NoFills": 0,
  "TotalPnl": 127.2182650,
  "AvgPnl": 63.6091325,
  "WinRate": 1,
  "AvgR": 0.8608326090739064682106037948,
  "MaxDrawdown": 0
}