{
  "Trades": 135,
  "Wins": 16,
  "Losses": 61,
  "NoFills": 58,
  "TotalPnl": -8101.753033036570944983307940,
  "AvgPnl": -105.21757185761780448030270052,
  "WinRate": 0.2077922077922077922077922078,
  "AvgR": -0.3552376199451032532616933462,
  "MaxDrawdown": 8101.753033036570944983307940
}