{
  "Trades": 18,
  "Wins": 5,
  "Losses": 12,
  "NoFills": 1,
  "TotalPnl": -76.3889905766061083223829050,
  "AvgPnl": -4.4934700339180063719048767647,
  "WinRate": 0.2941176470588235294117647059,
  "AvgR": -0.0436108620161255630103621785,
  "MaxDrawdown": 292.4900224953139839377931050
}