{
  "Trades": 42,
  "Wins": 5,
  "Losses": 16,
  "NoFills": 21,
  "TotalPnl": -76.23813215982792525550652500,
  "AvgPnl": -3.6303872457060916788336440476,
  "WinRate": 0.2380952380952380952380952381,
  "AvgR": -0.0198403850445657222504005444,
  "MaxDrawdown": 331.98695094989202162820476000
}