{
  "Trades": 55,
  "Wins": 14,
  "Losses": 18,
  "NoFills": 23,
  "TotalPnl": 427.98184441533195351694974000,
  "AvgPnl": 13.374432637979123547404679375,
  "WinRate": 0.4375,
  "AvgR": 0.2131259834548310533596601972,
  "MaxDrawdown": 212.58704472621328240967410000
}