{
  "Trades": 5,
  "Wins": 1,
  "Losses": 4,
  "NoFills": 0,
  "TotalPnl": -101.9968358749231239710499900,
  "AvgPnl": -20.3993671749846247942099980,
  "WinRate": 0.2,
  "AvgR": -0.2801624745286875874804359437,
  "MaxDrawdown": 195.4345633749231239710499900
}