{
  "Trades": 2,
  "Wins": 2,
  "Losses": 0,
  "NoFills": 0,
  "TotalPnl": 115.2608600,
  "AvgPnl": 57.6304300,
  "WinRate": 1,
  "AvgR": 0.7749814990598022821199504592,
  "MaxDrawdown": 0
}