{
  "Trades": 9,
  "Wins": 3,
  "Losses": 5,
  "NoFills": 1,
  "TotalPnl": -205.3195154769882333405866250,
  "AvgPnl": -25.664939434623529167573328125,
  "WinRate": 0.375,
  "AvgR": -0.3120351454291339365773189157,
  "MaxDrawdown": 205.3195154769882333405866250
}