{
  "Trades": 20,
  "Wins": 9,
  "Losses": 11,
  "NoFills": 0,
  "TotalPnl": -244.9837742309446697681438750,
  "AvgPnl": -12.24918871154723348840719375,
  "WinRate": 0.45,
  "AvgR": -0.117710385518577996836385035,
  "MaxDrawdown": 561.6896992309446697681438750
}