{
  "Trades": 27,
  "Wins": 15,
  "Losses": 12,
  "NoFills": 0,
  "TotalPnl": 337.909067996667679577763750,
  "AvgPnl": 12.515150666543247391769027778,
  "WinRate": 0.5555555555555555555555555556,
  "AvgR": 0.13740802865049522983131912,
  "MaxDrawdown": 195.592515000000000000000000
}