{
  "Trades": 6,
  "Wins": 2,
  "Losses": 4,
  "NoFills": 0,
  "TotalPnl": -76.4474008749231239710499900,
  "AvgPnl": -12.741233479153853995174998333,
  "WinRate": 0.3333333333333333333333333333,
  "AvgR": -0.1762296735939611037236687386,
  "MaxDrawdown": 155.8516133749231239710499900
}