{
  "Trades": 1,
  "Wins": 1,
  "Losses": 0,
  "NoFills": 0,
  "TotalPnl": 37.873120,
  "AvgPnl": 37.873120,
  "WinRate": 1,
  "AvgR": 0.5439944936447461312280151445,
  "MaxDrawdown": 0
}