{
  "Trades": 4,
  "Wins": 2,
  "Losses": 2,
  "NoFills": 0,
  "TotalPnl": 390.0955450,
  "AvgPnl": 97.52388625,
  "WinRate": 0.5,
  "AvgR": 0.2177052871324599919174557374,
  "MaxDrawdown": 168.8841125
}