{
  "Trades": 35,
  "Wins": 18,
  "Losses": 17,
  "NoFills": 0,
  "TotalPnl": 373.249560554419735342620000,
  "AvgPnl": 10.664273158697706724074857143,
  "WinRate": 0.5142857142857142857142857143,
  "AvgR": 0.1111898322652617223792982126,
  "MaxDrawdown": 248.344642500000000000000000
}