{
  "Trades": 10,
  "Wins": 3,
  "Losses": 6,
  "NoFills": 1,
  "TotalPnl": -39.0473975,
  "AvgPnl": -4.3385997222222222222222222222,
  "WinRate": 0.3333333333333333333333333333,
  "AvgR": -0.0446038022686966417850884453,
  "MaxDrawdown": 70.1880575
}