{
  "Trades": 54,
  "Wins": 14,
  "Losses": 17,
  "NoFills": 23,
  "TotalPnl": 428.687077380,
  "AvgPnl": 13.828615399354838709677419355,
  "WinRate": 0.4516129032258064516129032258,
  "AvgR": 0.1597380458342065863204528471,
  "MaxDrawdown": 203.208711080
}