{
  "Trades": 17,
  "Wins": 4,
  "Losses": 12,
  "NoFills": 1,
  "TotalPnl": -491.09637992299136985478853125,
  "AvgPnl": -30.693523745186960615924283203,
  "WinRate": 0.25,
  "AvgR": -0.3020145988899656879563074965,
  "MaxDrawdown": 491.09637992299136985478853125
}