{
  "Trades": 14,
  "Wins": 4,
  "Losses": 8,
  "NoFills": 2,
  "TotalPnl": 184.0070195225746990916571400,
  "AvgPnl": 15.333918293547891590971428333,
  "WinRate": 0.3333333333333333333333333333,
  "AvgR": -0.0268639081046285686336802397,
  "MaxDrawdown": 938.0578354774253009083428600
}