{
  "Trades": 231,
  "Wins": 68,
  "Losses": 134,
  "NoFills": 29,
  "TotalPnl": -1031.7882318821618941109397500,
  "AvgPnl": -5.1078625340701083866878205446,
  "WinRate": 0.3366336633663366336633663366,
  "AvgR": -0.1092055815337189611998910317,
  "MaxDrawdown": 2204.6799508707454330560302600
}