{
  "Trades": 55,
  "Wins": 14,
  "Losses": 18,
  "NoFills": 23,
  "TotalPnl": 375.1876282725,
  "AvgPnl": 11.724613383515625,
  "WinRate": 0.4375,
  "AvgR": 0.1642557206716844271136347585,
  "MaxDrawdown": 238.7625172075
}