{
  "Trades": 230,
  "Wins": 49,
  "Losses": 92,
  "NoFills": 89,
  "TotalPnl": -7596.110381511689356824830970,
  "AvgPnl": -53.873123273132548629963340213,
  "WinRate": 0.3475177304964539007092198582,
  "AvgR": -0.2149309867740056208989521722,
  "MaxDrawdown": 9161.415920667023933352800650
}