{
  "Trades": 45,
  "Wins": 17,
  "Losses": 23,
  "NoFills": 5,
  "TotalPnl": 65.66190718659710344915114000,
  "AvgPnl": 1.64154767966492758622877850,
  "WinRate": 0.425,
  "AvgR": -0.0008293032190045250050275297,
  "MaxDrawdown": 384.05418959958612644094606000
}