{
  "Trades": 55,
  "Wins": 14,
  "Losses": 18,
  "NoFills": 23,
  "TotalPnl": 422.63363195928195351694974000,
  "AvgPnl": 13.207300998727561047404679375,
  "WinRate": 0.4375,
  "AvgR": 0.2076056220593761847553623024,
  "MaxDrawdown": 215.25900957546328240967410000
}