{
  "Trades": 53,
  "Wins": 18,
  "Losses": 33,
  "NoFills": 2,
  "TotalPnl": -799.1928796261589051125597500,
  "AvgPnl": -15.670448620120762845344308824,
  "WinRate": 0.3529411764705882352941176471,
  "AvgR": -0.1705697272098370582563193648,
  "MaxDrawdown": 799.1928796261589051125597500
}