{
  "Trades": 7,
  "Wins": 1,
  "Losses": 6,
  "NoFills": 0,
  "TotalPnl": -295.5910850,
  "AvgPnl": -42.227297857142857142857142857,
  "WinRate": 0.1428571428571428571428571429,
  "AvgR": -0.6429894939597612223057995012,
  "MaxDrawdown": 298.5406975
}