{
  "Trades": 21,
  "Wins": 4,
  "Losses": 17,
  "NoFills": 0,
  "TotalPnl": -173.90435250,
  "AvgPnl": -8.281159642857142857142857143,
  "WinRate": 0.1904761904761904761904761905,
  "AvgR": -0.1892727558479784208431407629,
  "MaxDrawdown": 983.92736750
}