{
  "Trades": 1,
  "Wins": 1,
  "Losses": 0,
  "NoFills": 0,
  "TotalPnl": 26.888680,
  "AvgPnl": 26.888680,
  "WinRate": 1,
  "AvgR": 0.358881449311210014658661824,
  "MaxDrawdown": 0
}