{
  "Trades": 1,
  "Wins": 1,
  "Losses": 0,
  "NoFills": 0,
  "TotalPnl": 6.683040,
  "AvgPnl": 6.683040,
  "WinRate": 1,
  "AvgR": 0.10030438166826782918813419,
  "MaxDrawdown": 0
}