{
  "Trades": 1,
  "Wins": 0,
  "Losses": 1,
  "NoFills": 0,
  "TotalPnl": -103.00619863845498696667906282,
  "AvgPnl": -103.00619863845498696667906282,
  "WinRate": 0,
  "AvgR": -1.0504516898215597979734646349,
  "MaxDrawdown": 103.00619863845498696667906282
}