{
  "Trades": 6,
  "Wins": 3,
  "Losses": 3,
  "NoFills": 0,
  "TotalPnl": 54.4885025,
  "AvgPnl": 9.081417083333333333333333333,
  "WinRate": 0.5,
  "AvgR": 0.1131295042028340853952271398,
  "MaxDrawdown": 112.3697900
}