{
  "Trades": 88,
  "Wins": 30,
  "Losses": 48,
  "NoFills": 10,
  "TotalPnl": -2730.5287770045594625267530600,
  "AvgPnl": -35.006779192366146955471193077,
  "WinRate": 0.3846153846153846153846153846,
  "AvgR": -0.1446920176276580441638934649,
  "MaxDrawdown": 3730.4644695045594625267530600
}