{
  "Trades": 3,
  "Wins": 0,
  "Losses": 3,
  "NoFills": 0,
  "TotalPnl": -182.6396371829572618205999650,
  "AvgPnl": -60.879879060985753940199988333,
  "WinRate": 0,
  "AvgR": -1.0927117326271845649738079531,
  "MaxDrawdown": 182.6396371829572618205999650
}