{
  "Trades": 8,
  "Wins": 2,
  "Losses": 6,
  "NoFills": 0,
  "TotalPnl": -811.2486399656593076363988600,
  "AvgPnl": -101.4060799957074134545498575,
  "WinRate": 0.25,
  "AvgR": -0.3472484778607637994458403888,
  "MaxDrawdown": 1356.1774899656593076363988600
}