{
  "Trades": 56,
  "Wins": 14,
  "Losses": 19,
  "NoFills": 23,
  "TotalPnl": 383.436047380,
  "AvgPnl": 11.619274163030303030303030303,
  "WinRate": 0.4242424242424242424242424242,
  "AvgR": 0.1329398838991350933325398352,
  "MaxDrawdown": 203.208711080
}